IPK,Jumlah_Absensi,Waktu_Belajar_Jam,Rasio_Absensi,IPK_x_Study
3.4,4,7,0.2857142857142857,23.8
2.3,9,4,0.6428571428571429,9.2
2.8,6,4,0.42857142857142855,11.2
3.6,4,9,0.2857142857142857,32.4
2.7,7,3,0.5,8.100000000000001
