IPK,Jumlah_Absensi,Waktu_Belajar_Jam,Rasio_Absensi,IPK_x_Study
3.4,4,7,0.2857142857142857,23.8
2.5,8,5,0.5714285714285714,12.5
2.8,6,4,0.42857142857142855,11.2
3.9,2,12,0.14285714285714285,46.8
